ID,TARGET
0378-NHQXU,0.46759261541648056
4745-LSPLO,0.2552646732490885
5144-TVGLP,0.5939522513574025
3422-GALYP,0.6977812436006623
5630-IXDXV,0.5768783753863247
0668-OGMHD,0.30608100287032614
7233-DRTRF,0.44816320811436583
8229-TNIQA,0.46882398080403875
8778-LMWTJ,0.4928521327867307
3474-BAFSJ,0.02464326525100182
2569-WGERO,0.0019016965212948229
9804-ICWBG,0.8115617620487076
1322-AGOQM,0.1997116392947419
8065-YKXKD,0.571272712345029
7030-NJVDP,0.2221164593910163
0621-CXBKL,0.04307521017696037
5039-LZRQT,0.003771021664271883
4628-CTTLA,0.29863953540950694
9365-SRSZE,0.44578556637589095
2709-UQGNP,0.25662297704510195
1226-IENZN,0.4961781101199285
0017-DINOC,0.026867221496644767
9150-KPBJQ,0.028642573422233517
8246-SHFGA,0.070572724609613
3143-JQEGI,0.5570928443817001
3451-VAWLI,0.001060009419579457
4009-ALQFH,0.5606516407949895
9871-ELEYA,0.08369856730302615
7683-CBDKJ,0.14508590755937062
8023-QHAIO,0.19295675578578464
9894-QMIMJ,0.06573757430436827
9617-UDPEU,0.013511049556309385
6770-UAYGJ,0.003810359013232527
7089-IVVAZ,0.6706043617099742
5168-MQQCA,0.1879215100348427
9992-UJOEL,0.5603515690347729
0587-DMGBH,0.28621422152543896
3352-ALMCK,0.6106156147250866
6022-KOUQO,0.5861970673280283
5312-IRCFR,0.15825442699792835
2386-OWURY,0.36208645461438865
5669-SRAIP,0.42857830547151154
3891-PUQOD,0.6531974329066098
2379-ENZGV,0.6930241507874814
9508-ILZDG,0.4782753617661909
3055-VTCGS,0.041093953653973864
0537-QYZZN,0.4002189854054576
3027-ZTDHO,0.8147894757798996
4770-UEZOX,0.6900211498048969
8735-IJJEG,0.1629731048082277
5998-VVEJY,0.38808545456045485
0824-VWDPO,0.09362316311804707
6551-VLJMV,0.0017356856905122228
5583-EJXRD,0.042703966187499186
0376-YMCJC,0.44293592963007145
9474-PHLYD,0.2508723866958149
9972-EWRJS,0.0015168129620042243
3209-ZPKFI,0.16250530624288193
6542-LWGXJ,0.601912792071444
9305-CDSKC,0.7680707981096997
2672-TGEFF,0.4293950208548582
2921-XWDJH,0.3785183811879267
3780-DDGSE,0.1087955793808216
9500-LTVBP,0.4217924118633751
1480-IVEVR,0.16733922459645076
8189-DUKMV,0.11515459688314746
7721-DVEKZ,0.3464974414869541
0750-EBAIU,0.09598837661459754
6817-WTYHE,0.5660202118581145
2883-ILGWO,0.31023107156580865
0420-TXVSG,0.023349566321348093
0761-AETCS,0.17273440382878139
1074-WVEVG,0.014967845273308219
3389-KTRXV,0.0683866635785246
5018-GWURO,0.44471145129921635
8138-EALND,0.09945538428389288
1960-UOTYM,0.06376186863971008
0547-HURJB,0.022070198648550705
8715-KKTFG,0.15608019600484044
8329-IBCTI,0.3464974414869541
5478-JJVZK,0.23861378281316956
5440-FLBQG,0.08125833272147277
3023-GFLBR,0.35014742689387207
6173-ITPWD,0.31605562199339177
1202-KKGFU,0.31845073063575025
8792-AOROI,0.07360665905174678
1096-ADRUX,0.06836654700880225
0489-WMEMG,0.09048804039712524
6825-UYPFK,0.22687537991929074
6538-POCHL,0.3502233205210728
4192-GORJT,0.6936843376348887
1867-TJHTS,0.2176478983624649
0654-PQKDW,0.0383935840070435
6559-ILWKJ,0.11649012914563514
6248-TKCQV,0.08656251884585105
7607-QKKTJ,0.1441463188634094
8681-ICONS,0.11414049926560446
1063-DHQJF,0.1077035681568618
4256-ZWTZI,0.3973383662864824
3374-PZLXD,0.04884886844134659
0221-WMXNQ,0.4127505661421911
9281-OFDMF,0.44922900323466997
8818-XYFCQ,0.3775104520010486
8155-IBNHG,0.3429310387687437
6435-VWCCY,0.053545677971376666
3363-DTIVD,0.08296509766790566
6214-EDAKZ,0.13113015975567094
2209-XADXF,0.6210319198053997
5858-EAFCZ,0.44569588314109987
0975-UYDTX,0.1429225196029611
9190-MFJLN,0.5239496200262956
2391-IPLOP,0.06280847163781755
3679-XASPY,0.30070519003783125
6627-CFOSN,0.2828199383541324
3970-XGJDU,0.0233781514158142
7426-GSWPO,0.3099086663402154
5276-KQWHG,0.6285582173903934
9073-ZZIAY,0.01271283206278866
6345-ULYRW,0.1818714815756185
0461-CVKMU,0.2175226422530985
4989-LIXVT,0.32704124593183054
5956-YHHRX,0.6541340719190387
3751-KTZEL,0.44226367851617615
7596-LDUXP,0.25196357916434486
9885-CSMWE,0.8238040947762286
5995-WWKKG,0.016344433200097243
0018-NYROU,0.4760893799926913
4683-WYDOU,0.14341417905979617
1272-ILHFG,0.015970415214385175
4486-EFAEB,0.06005842465390891
2868-MZAGQ,0.8501287269474485
5173-ZXXXL,0.11418852289197405
1452-XRSJV,0.08386630905196166
2054-PJOCK,0.06642046174345739
7798-JVXYM,0.3170794401027853
2460-NGXBJ,0.6708262445565107
7718-RXDGG,0.4024097618589124
1552-AAGRX,0.4253320033840873
1100-DDVRV,0.3446829818850906
4396-KLSEH,0.09398186770420015
6625-UTXEW,0.11297311715798411
1024-KPRBB,0.2805758348451671
6994-KERXL,0.41880687868399796
6207-WIOLX,0.24308381885261732
3530-CRZSB,0.07173313141403069
2235-EZAIK,0.03348885578763726
5404-GGUKR,0.32972966056296316
9244-ZVAPM,0.5707127337754603
8039-EQPIM,0.039757673256516336
9560-ARGQJ,0.568100608873049
9675-ICXCT,0.03335345748113558
7061-OVMIM,0.01649421627612989
0378-TOVMS,0.6761376863104069
5320-BRKGK,0.03574285845226748
5174-ITUMV,0.31305629872953156
2081-VEYEH,0.7194897500275554
2683-JXWQQ,0.25461103053554923
2120-SMPEX,0.06434202235158475
0495-ZBNGW,0.7471136314600832
9919-KNPOO,0.6152776162884442
5504-WSIUR,0.07248253685987845
7225-IILWY,0.0012935683455731824
2898-MRKPI,0.3223945377787098
4102-OQUPX,0.8367762663755319
3916-NRPAP,0.6992164901973248
9904-EHEVJ,0.5378141590300595
7860-UXCRM,0.03712338297584324
9415-ZNBSX,0.016378645216412968
0707-HOVVN,0.027112960394513795
5197-LQXXH,0.003238820109085938
5115-GZDEL,0.01439663883953621
1841-YSJGV,0.02735633057606855
7421-ZLUPA,0.5332334231758682
7938-OUHIO,0.6782161209195184
9611-CTWIH,0.7893245604017072
4369-NYSCF,0.10546109033339954
6122-LJADA,0.008450973040318974
6728-DKUCO,0.13275506262600542
9895-VFOXH,0.3875537808054322
3097-PYWXL,0.16080362369534357
1084-MNSMJ,0.033011144097641304
8215-NGSPE,0.0015302689197780053
5133-VRSAB,0.3011407355557768
5299-SJCZT,0.8093055427776917
0771-WLCLA,0.5085198943430177
9249-FXSCK,0.30691657314702603
1621-YNCJH,0.09833473506857311
5174-RNGBH,0.1386901450677601
5716-LIBJC,0.2585391379874818
0969-RGKCU,0.0027755928043433705
8637-XJIVR,0.47692270206797366
6686-YPGHK,0.4100405847193941
5153-RTHKF,0.5246070139347845
6656-GULJQ,0.020125778457042595
5385-SUIRI,0.46740739498644907
5228-EXCET,0.5897651657991557
9821-POOTN,0.40860719427546466
7560-QJAVJ,0.02552114311922625
9481-WHGWY,0.08811509324009326
1945-XISKS,0.005469954151999934
9481-IEBZY,0.1955750406233704
8174-TBVCF,0.06611245750394498
9734-YWGEX,0.6114285641905801
7249-WBIYX,0.7454264442180988
2256-YLYLP,0.0986594815000388
7968-QUXNS,0.17782886322464272
8706-HRADD,0.2691444742667398
6647-ZEDXT,0.2384183313962184
5709-LVOEQ,0.1853812224950476
0215-BQKGS,0.277076937411167
1971-DTCZB,0.01580251299829789
2538-OIMXF,0.5411917049318397
2087-QAREY,0.1493239165225476
1166-PQLGG,0.004713758565926571
2223-GDSHL,0.03767654546720947
0222-CNVPT,0.280387237034698
2654-VBVPB,0.3287745438166621
1088-CNNKB,0.08589637466903766
5222-IMUKT,0.4584119758924349
0083-PIVIK,0.12665019278649076
8292-ITGYJ,0.002371374810281346
0723-VSOBE,0.3057596804252153
9070-BCKQP,0.04545434687564958
3186-AJIEK,0.18093014169651045
9058-MJLZC,0.4872991918638768
8677-HDZEE,0.2909620207837854
3750-CKVKH,0.5457684992990341
1915-OAKWD,0.08934483106756504
4581-SSPWD,0.706272590913376
4116-IQRFR,0.06339867737990841
7519-JTWQH,0.07804628598979838
4726-DLWQN,0.17928177121277758
2079-FBMZK,0.42269139206103995
1656-DRSMG,0.21984375971536582
9576-SYUHJ,0.36672898045897945
5685-IIXLY,0.6451405512656551
2186-QZEYA,0.24390214784720401
3370-HXOPH,0.6566483907708036
4476-OSWTN,0.187971139134559
9488-HGMJH,0.7385835488980355
6689-TCZHQ,0.5778512553977226
4074-SJFFA,0.718788197273144
4501-EQDRN,0.9029763652669277
1187-WILMM,0.008972858562204498
7277-KAMWT,0.007053084185239344
1346-UFHAX,0.46437687076326967
6379-RXJRQ,0.4941447043411828
5701-ZIKJE,0.2796211558320355
7993-NQLJE,0.22307744516290015
6198-RTPMF,0.5236119610095269
5789-LDFXO,0.08384028021594478
8225-BTJAU,0.6078926988984485
3908-MKIMJ,0.09128048395373624
3982-XWFZQ,0.1442033092615591
5574-NXZIU,0.0858034334202895
2091-RFFBA,0.40122404672986645
7980-MHFLQ,0.01220265925466409
9574-RKJIF,0.3660191767316545
7861-UVUFT,0.6066036815910674
1120-BMWUB,0.15251204729836806
7480-QNVZJ,0.7106801382828992
7054-DMVAS,0.05410449846548583
3133-PZNSR,0.013624204794684
9415-DPEWS,0.40397644070136723
4079-VTGLK,0.10842538192801349
8739-XNIKG,0.7986294310873957
8590-OHDIW,0.0019458308205991747
5834-ASPWA,0.7938967409440834
3587-PMCOY,0.29771008098666907
0567-GGCAC,0.14547545841035261
6502-KUGLL,0.11784343659690916
2141-RRYGO,0.29147170645918996
2371-KFUOG,0.25078293227802173
6061-GWWAV,0.09840159937922194
3946-MHCZW,0.6849301932661334
7402-EYFXX,0.6584746510025127
6732-VAILE,0.007017394203342749
4510-PYUSH,0.2780674270394068
3973-SKMLN,0.0024611150208366274
1696-HXOWK,0.11842313155042426
2758-RNWXS,0.13917777457631425
3580-GICBM,0.006059602049106886
5522-JBWMO,0.46279597160355274
4554-YGZIH,0.32530970176469964
9297-EONCV,0.007209934815498288
2043-WVTQJ,0.37952142125455224
8480-PPONV,0.08423817726922973
6230-BSUXY,0.8905788956579147
0404-SWRVG,0.6829516672341037
2609-IAICY,0.8857890779296315
8966-OIQHG,0.02732345830886029
7649-SIJJF,0.020595576387844927
8152-VETUR,0.12701799425677177
9795-NREXC,0.06008366693089031
5993-JSUWV,0.0363189399342261
2834-JRTUA,0.07383491887839508
5968-XQIVE,0.1685485234357127
8735-DCXNF,0.23612368087832636
5451-YHYPW,0.01967127751833282
5743-KHMNA,0.00916096127890459
7923-IYJWY,0.08594155590168227
5707-ZMDJP,0.03255384361985528
8218-FFJDS,0.027859943253132107
7255-SSFBC,0.06067011203004784
9497-QCMMS,0.9122296295295753
5117-ZSMHQ,0.010103352796074203
1450-GALXR,0.5751744148698603
5630-AHZIL,0.2330217976745093
2868-SNELZ,0.6320653156100637
2696-ECXKC,0.1928526374180925
6925-BAYGL,0.032608897352212694
7359-SSBJK,0.04513469764080514
8076-FEZKJ,0.012509104439058942
5298-GSTLM,0.11784218453211247
9818-XQCUV,0.09978308160967947
6635-CPNUN,0.39038785015180416
7251-LJBQN,0.24651200117945077
1897-RCFUM,0.04545595473185172
0946-FKYTX,0.3445961266466097
8966-SNIZF,0.006325374714444148
5167-ZFFMM,0.7034695920116654
1156-ZFYDO,0.2794516590066384
9153-BTBVV,0.0027704986248280454
1699-TLDLZ,0.0033282199094394316
8885-QSQBX,0.4683087084977034
2999-AANRQ,0.12428417054091342
6240-EURKS,0.28495318560446475
3162-ZJZFU,0.15498862643351652
8089-UZWLX,0.11517889454381969
7973-DZRKH,0.09926319986034696
1309-BXVOQ,0.500473431464392
0549-CYCQN,0.06815848786350365
6331-LWDTQ,0.27273177089769635
7349-ALMUX,0.045760997098959616
8752-IMQOS,0.031114684414469507
3569-VLDHH,0.05811711314836455
5095-ETBRJ,0.10227160053707768
3422-WJOYD,0.0244021828045748
0238-WHBIQ,0.017557165762103644
9079-YEXQJ,0.26335831574547675
7776-QGYJC,0.2981220356428562
0115-TFERT,0.3729171555084646
9691-HKOVS,0.10280198636258385
3717-OFRTN,0.41402815976476837
4958-GZWIY,0.25069273162273625
6497-TILVL,0.10647979456121498
9571-EDEBV,0.16751639870920917
2848-YXSMW,0.003840983193151199
7854-FOKSF,0.5941285457141725
2826-UWHIS,0.24527201214418354
2506-CLAKW,0.4582459560263836
8903-WMRNW,0.6321776049021222
0224-HJAPT,0.3810924167785321
0815-MFZGM,0.12871233450566882
5839-SUYVZ,0.4454138647610819
8393-DLHGA,0.5039351345497408
8033-ATFAS,0.3017771866864074
0568-ONFPC,0.1253922437972728
7644-OMVMY,0.021691756064274224
3097-FQTVJ,0.002664202522160171
2690-DVRVK,0.049004162281415756
2612-RANWT,0.7246000543334276
4030-VPZBD,0.7150390518712247
4729-XKASR,0.6299815497919398
9541-ZPSEA,0.04514419087710193
1139-WUOAH,0.02686776948493942
0394-YONDK,0.0004753125392190745
2786-GCDPI,0.43607179171808874
3401-URHDA,0.039668096440883684
8328-SKJNO,0.029382640302945205
5295-PCJOO,0.2598773398667031
9795-SHUHB,0.017919790628898428
4647-XXZAM,0.21408990022717092
3831-YCPUO,0.017696380608676177
7598-UAASY,0.657523145631062
0679-TDGAK,0.11036329038413335
6439-GTPCA,0.35794595044294975
1834-WULEG,0.0028648540241721365
3420-ZDBMA,0.5650138168553797
5701-YVSVF,0.6934470323610874
0916-KNFAJ,0.08174091391679081
7511-YMXVQ,0.49159034255177625
4210-QFJMF,0.7747123428912174
5549-ZGHFB,0.0015670930199665333
5539-HIVAK,0.16421037184399254
3500-NSDOA,0.025907076677145476
6766-HFKLA,0.08882777548883736
5930-GBIWP,0.08076464343626891
8815-LMFLX,0.16271188055020203
6833-JMZYP,0.6107467022278129
4760-THGOT,0.25843487750081107
1561-BWHIN,0.003071155599565985
2530-FMFXO,0.07480486153020266
1450-SKCVI,0.2553767574714116
4547-FZJWE,0.06903134713785587
6394-MFYNG,0.4698036612913812
7632-YUTXB,0.001636431703818865
4959-JOSRX,0.5398703939635708
2632-TACXW,0.004739193510189598
0939-EREMR,0.23207135465601086
1930-WNXSB,0.31424645913614857
3426-NIYYL,0.21546660923098873
4318-RAJVY,0.014073267343301294
9146-JRIOX,0.18048876666200653
5561-NWEVX,0.6304100317072282
4713-ZBURT,0.19744150193739063
6968-MHOMU,0.20400869213415537
9968-FFVVH,0.02957935870263385
1875-QIVME,0.6674096875864306
0032-PGELS,0.4848374186285668
7460-ITWWP,0.48324443581402915
3376-BMGFE,0.6745379113137945
8837-VVWLQ,0.49332163834143794
7130-VTEWQ,0.6195879810519118
7758-UJWYS,0.049754710108625776
7552-KEYGT,0.018744772486382923
5980-BDHPY,0.0018910028251778082
2665-NPTGL,0.6193204044161694
3549-ZTMNH,0.02596118371118371
6749-UTDVX,0.29205997061413574
9824-QCJPK,0.0035462203631471717
8780-RSYYU,0.13437247963777257
6954-OOYZZ,0.20957130891964051
8961-QDZZJ,0.17600987026000647
5213-TWWJU,0.20088485549302848
6137-NICCO,0.6870868400788549
0906-QVPMS,0.016451529309282616
5780-INQIK,0.3783770659337709
2958-NHPPS,0.02600945389397069
6447-EGDIV,0.013883492637813521
3129-AAQOU,0.022385094768335115
2211-RMNHO,0.004570952889225994
2320-TZRRH,0.002733786484623286
0402-OAMEN,0.0017725025864091218
8544-GOQSH,0.5792308929299742
4424-TKOPW,0.8054661132859805
0947-MUGVO,0.46527944667268095
5022-JNQEQ,0.5311756929460447
4013-TLDHQ,0.4678107911271956
0133-BMFZO,0.419881237391877
9426-SXNHE,0.2218402299287095
3452-SRFEG,0.23748285432436322
8917-FAEMR,0.002664202522160171
8818-DOPVL,0.6629745958535724
2962-XPMCQ,0.5653916583101726
7328-OWMOM,0.009602739884978824
2307-FYNNL,0.1140981974713826
2504-DSHIH,0.5689967192505934
9586-JGQKH,0.05098107154035992
8268-YDIXR,0.11279859647913464
2925-MXLSX,0.07994934334722836
2954-PIBKO,0.04635511215412331
1488-SYSFC,0.09094198879638334
9060-HJJRW,0.16062353072729454
3249-ZPQRG,0.5664334610047648
1000-AJSLD,0.6100269343896665
2276-YDAVZ,0.7316605791044433
7191-ADRGF,0.11159204757765424
0895-DQHEW,0.49533063184997794
4391-LNRXK,0.21066708236993367
0481-SUMCB,0.22353280224219657
5307-UVGNB,0.26720938706623665
2587-YNLES,0.010590259972361706
6211-WWLTF,0.07081900046721755
5186-SAMNZ,0.8639536480422957
1697-BCSHV,0.21934200867361106
0744-GKNGE,0.14319345800859717
3635-JBPSG,0.20884279871734526
5788-YPOEG,0.07405793533444928
3217-FZDMN,0.6609190125606803
7115-IRDHS,0.0033106220816181693
6620-JDYNW,0.23127616199681164
6188-UXBBR,0.0072328411287365625
7789-HKSBS,0.17191449296821903
5176-LMJXE,0.002882326433765689
9378-FXTIZ,0.10858785219757369
6625-FLENO,0.01765296532321865
6242-SGYTS,0.0971307093782225
5599-HVLTW,0.618913969199329
2773-OVBPK,0.08748640784904643
9206-GVPEQ,0.3576778953740861
1104-TNLZA,0.3683183889479807
3104-OWCGK,0.15460441420336413
1642-HMARX,0.005622876227054794
4909-JOUPP,0.07695746579786833
9330-VOFSZ,0.0637592392818161
9558-IHEZX,0.08952154062162462
6166-YIPFO,0.02979897925188739
3325-FUYCG,0.27321848971030566
1304-SEGFY,0.13051601334005963
9667-EQRXU,0.20160015644793308
5868-CZJDR,0.7111122344139362
2232-DMLXU,0.5803506815691035
7153-CHRBV,0.05393738916841139
6184-DYUOB,0.18462946241129688
9747-DDZOS,0.733030383971349
3572-UUHRS,0.016166703741793256
1357-MVDOZ,0.2140849564797765
1728-CXQBE,0.31107314402753494
7129-AZJDE,0.1967023123369719
1830-GGFNM,0.16527163060079184
4698-KVLLG,0.003322571045025558
8714-EUHJO,0.4275605222112561
4912-PIGUY,0.8980520563033546
4373-VVHQL,0.410477671262063
2546-KZAAT,0.07224431117573472
2568-BRGYX,0.5541950312740714
3658-QQJYD,0.056444788157932774
5692-FPTAH,0.5237870590955267
7619-PLRLP,0.03665333480579683
6380-ARCEH,0.3968799836420079
3520-FJGCV,0.025046355375402906
8180-AKMJV,0.48339937576424463
4425-OWHWB,0.013632818528617094
2479-BRAMR,0.28507125152536317
1641-RQDAY,0.5312947292568695
0817-HSUSE,0.5885659528497788
9127-QRZMH,0.04742590905326312
0106-GHRQR,0.24888310315803444
0856-NAOES,0.19969371523889076
9229-RQABD,0.0483966330174923
1544-JJMYL,0.08117804872953877
0020-INWCK,0.1569954555742545
4007-NHVHI,0.302509447830648
8874-EJNSR,0.0031178515280967075
0235-KGSLC,0.8036707556825013
9150-HEPMB,0.023689558702738398
0506-YLVKJ,0.0017810273090351828
3685-YLCMQ,0.24144348922370593
3671-SHRSP,0.5090880524436451
1573-LGXBA,0.1788408812399096
6993-OHLXR,0.577609727297523
0074-HDKDG,0.09827750423755567
5859-HZYLF,0.006828178797897108
4797-AXPXK,0.5475052964231399
2251-PYLPB,0.01747599098999133
8559-CIZFV,0.10138239040766553
5993-BQHEA,0.006657011771302976
4900-MSOMT,0.014010728651615385
3161-ONRWK,0.024790022596073946
5445-UTODQ,0.7607049762051744
9097-ZUBYC,0.32520779381176884
5651-WYIPH,0.25612800006615727
3722-WPXTK,0.7944440074280336
1265-ZFOSD,0.049335174304862194
7596-ZYWBB,0.01599249807590032
1955-IBMMB,0.017335830925940706
8361-LTMKD,0.7282111302164798
8807-OPMBM,0.0021281315670381024
0867-MKZVY,0.2581101906302516
9822-OAOVB,0.7809121825655506
4536-PLEQY,0.543496996524305
0523-VNGTF,0.1999193638929002
2474-LCNUE,0.1626183898027388
5183-SNMJQ,0.4744482469811334
0064-YIJGF,0.37239957404108104
7601-DHFWZ,0.01670602330194519
7493-TPUWZ,0.7344401230720375
0137-UDEUO,0.11171054029015615
1980-KXVPM,0.7634531280969717
3329-WDIOK,0.43868879027420626
8041-TMEID,0.14932987934490982
6923-JHPMP,0.5603371299544946
5099-BAILX,0.2856585206528473
5469-NUJUR,0.007575513526765526
7940-UQQUG,0.2102013698172978
6646-QVXLR,0.2164043872994117
5569-KGJHX,0.671506047714806
4455-BFSPD,0.18002111957619032
6124-ACRHJ,0.31919445362514276
0734-OXWBT,0.34061897902992583
1580-BMCMR,0.40148997298648986
2027-CWDNU,0.3848091428231205
7826-VVKWT,0.29772254054703673
8402-EIVQS,0.15115119399119842
8780-YRMTT,0.03196140192088732
1708-PBBOA,0.06989483144008866
0679-IDSTG,0.8848190999540826
4335-BSMJS,0.004317682068179204
7465-ZZRVX,0.8166246048539003
8234-GSZYK,0.019190457031775417
3223-WZWJM,0.5583021830294613
9541-PWTWO,0.014343532603018376
1206-EHBDD,0.05637904472203541
0757-WCUUZ,0.038813610306257365
9115-YQHGA,0.1516679267169891
2680-XKKNJ,0.058818131157004856
9938-EKRGF,0.29807836898475354
2575-GFSOE,0.3917154857032106
1474-JUWSM,0.0818890622438348
0056-EPFBG,0.06200843167726345
9258-CNWAC,0.02769388813430386
3744-ZBHON,0.14329504923451572
5641-DMBFJ,0.08090836146947647
2428-ZMCTB,0.09408597439650235
2239-CGBUZ,0.046988742556920024
3316-UWXUY,0.1167720125708725
1094-BKOSX,0.08186047102692648
8755-OGKNA,0.015269314121482127
8630-QSGXK,0.08265624113939235
2027-WKXMW,0.15096348473018603
7228-PAQPD,0.13936762958643314
4458-KVRBJ,0.03155578875762135
2625-TRCZQ,0.30369148233562265
0701-RFGFI,0.5742807420227887
3712-PKXZA,0.0026096681612851912
5564-NEMQO,0.7954558656622556
4063-EIKNQ,0.10200050505834606
5680-LQOGP,0.038608030321101994
7816-VGHTO,0.1412506194058868
4988-IQIGL,0.8382409236494313
6870-ZWMNX,0.017039179699512946
7016-BPGEU,0.18550612625296048
1891-FZYSA,0.3962573517227145
3077-RSNTJ,0.04899434443052453
1536-HBSWP,0.5810909465295508
5304-EFJLP,0.05558376480399962
0812-WUPTB,0.6437134741986281
3191-CSNMG,0.7364107427277
7925-PNRGI,0.2307443689863959
8062-YBDOE,0.892107269940795
7107-UBYKY,0.08446581543723947
4065-JJAVA,0.5488415449343774
0178-SZBHO,0.4183447104745534
5848-FHRFC,0.004143354291407878
2123-AGEEN,0.7088312228319275
7136-IHZJA,0.09852390738016
5003-OKNNK,0.011279315090321151
1498-DQNRX,0.040479539124698934
9158-VCTQB,0.23595573806442793
5918-VUKWP,0.023295272073239434
1057-FOGLZ,0.0898383528978461
4903-CNOZC,0.04244433833809035
6270-OMFIW,0.18241153136361132
5707-ORNDZ,0.2107385680690723
9220-ZNKJI,0.09417852918450123
7858-GTZSP,0.7174196658191285
6685-GBWJZ,0.0193345039049017
9578-VRMNM,0.2477882118431279
5176-LDKUH,0.10622859855978749
5995-OIGLP,0.14292604168488346
5129-HHMZC,0.07052205917165301
4854-SSLTN,0.17909689163222392
4121-AGSIN,0.033726571595981664
1320-REHCS,0.31297419259547093
5797-APWZC,0.9351061561090442
0516-VRYBW,0.008010565206648522
2558-BUOZZ,0.14859002083888606
5639-NTUPK,0.21928244425074472
2058-DCJBE,0.535397484800448
9700-ISPUP,0.2308082974552022
0373-AIVNJ,0.20067739515350946
1904-WAJAA,0.05623576179615838
8064-RAVOH,0.6845441458436434
0231-LXVAP,0.5231475704556289
3758-CKOQL,0.10859135506774269
1042-HFUCW,0.08807507144623564
7908-QCBCA,0.897175216094767
5049-MUBWG,0.07956260620404808
2586-CWXVV,0.3366470066741413
9134-CEQMF,0.6709076796957467
3200-MNQTF,0.02657598175128478
7780-OTDSO,0.625231870967649
1471-GIQKQ,0.5610006358434684
1389-WNUIB,0.12196679928900248
4513-CXYIX,0.039894020391663065
2987-BJXIK,0.0334152426548123
4546-FOKWR,0.5361756110377432
6348-SNFUS,0.005588229694992614
9639-BUJXT,0.03186898143800005
4013-GUXND,0.22085293171597814
2636-ALXXZ,0.8973685381877894
5389-FFVKB,0.4700591019784804
0928-JMXNP,0.6618154418362168
4176-RELJR,0.005746494340262552
1302-UHBDD,0.5400971154143521
0820-FNRNX,0.15569543879017178
9833-TGFHX,0.1678013189586121
6599-CEBNN,0.3658873277225703
8873-GLDMH,0.6232803978362832
0134-XWXCE,0.09629430283396084
8413-YNHNV,0.008044696668444942
0363-SVHYR,0.0073504460975814525
7893-IXHRQ,0.1792088454463537
2038-OEQZH,0.71877159648297
0602-DDUML,0.02881574251699348
4174-LPGTI,0.07217227959037606
9139-TWBAS,0.0930340513111288
9728-FTTVZ,0.9106563858030234
8259-NFJTV,0.35715155417700445
7336-RLLRH,0.11903066864567607
6614-VBEGU,0.20901666082560436
7964-YESJC,0.22816210031123443
2972-YDYUW,0.11700341610244021
4636-TVXVG,0.0015353291549101205
3714-NTNFO,0.5135780005523771
8118-LSUEL,0.6672315992452088
5832-TRLPB,0.17517549915673558
8043-PNYSD,0.00225088320435706
0031-PVLZI,0.1086378954991641
1725-MIMXW,0.30076902662697064
0786-IVLAW,0.18926607792428565
8992-JQYUN,0.8186828779433479
6121-VZNQB,0.3720182271521337
3717-FDJFU,0.01810507559326084
2342-CKIAO,0.08510994042338037
6861-OKBCE,0.03859880184009325
3736-BLEPA,0.21529602122861985
0723-FDLAY,0.12532728432611387
4389-UEFCZ,0.04831249699312451
0265-EDXBD,0.47404114234860306
6551-ZCOTS,0.04750380456280201
3423-HHXAO,0.10121079552360886
5600-PDUJF,0.4774126215816843
5857-TYBCJ,0.5448271252825687
1699-UOTXU,0.0897891727461775
4908-XAXAY,0.10619544726888272
8000-REIQB,0.7965062577719325
7026-YMSBE,0.007983545358921809
5777-ZPQNC,0.01122034451614346
1087-UDSIH,0.16343523328838305
1918-ZBFQJ,0.6559624350479102
1045-LTCYT,0.07984563464821325
7083-MIOPC,0.002127332753721027
8433-WXGNA,0.43874584246049664
9359-JANWS,0.08515062381239458
0722-TROQR,0.694984592556808
2041-JIJCI,0.28575315368046794
0114-RSRRW,0.09266022069740001
0853-TWRVK,0.0309268930677874
6982-UQZLY,0.6017555214385334
6959-UWKHF,0.4624067073742819
0278-YXOOG,0.07280781450920237
9135-MGVPY,0.0028824588436091236
2103-ZRXFN,0.6440433793813972
3045-XETSH,0.6402209083944203
8249-THVEC,0.01315435152144994
9848-JQJTX,0.1505407016802595
3511-APPBJ,0.22115343185517428
6485-QXWWE,0.020278778776589058
2916-BQZLN,0.35756101178063765
7898-PDWQE,0.01747599098999133
4452-ROHMO,0.015629723103404575
8344-WFMFH,0.23584336268639544
1061-PNTHC,0.16207682305945031
4827-USJHP,0.1296457099942166
6496-JDSSB,0.7255748881167594
4999-IEZLT,0.09617528629893997
4795-WRNVT,0.2747208104360746
4818-QIUFN,0.40691920394362896
1757-TCATG,0.014365909397823009
5268-DSMNQ,0.09069210997800817
1552-CZCLL,0.16212643076179284
9734-UYXQI,0.4937849365425668
5321-NTRKC,0.08135949408336161
7267-FRMJW,0.0016710999644285482
0419-YAAPX,0.34392125708603466
0269-XFESX,0.03011361473937159
6654-QGBZZ,0.37587947012594874
2959-EEXWB,0.30673998513613837
5188-HGMLP,0.2924529005875809
2650-GYRYL,0.037297876483799466
8985-OOPOS,0.4297520320390851
0531-ZZJWQ,0.3059145143336817
1820-DJFPH,0.0023332473971539327
8060-HIWJJ,0.02553068520324949
0151-ONTOV,0.7450137600204808
4957-SREEC,0.00034652029171155396
1481-ZUWZA,0.2994336821420103
7407-SUJIZ,0.022358296359601088
6619-RPLQZ,0.012026988694848296
3285-UCQVC,0.22293926718672757
4873-ILOLJ,0.5889700009972197
7554-AKDQF,0.20981201828191515
6317-YPKDH,0.6351271336925767
6804-GDMOI,0.13548661629306702
5671-RQRLP,0.061420632338940656
8318-LCNBW,0.08888490116211675
2077-DDHJK,0.03180067000629219
6917-YACBP,0.17538297849438028
8603-IJWDN,0.8433371300709918
0898-XCGTF,0.202132294753613
9356-AXGMP,0.3204615687832493
1282-IHQAC,0.21359816830910017
1095-WGNGG,0.23011277650655543
8232-CTLKO,0.05972888695708169
6996-KNSML,0.833290381218291
9840-EFJQB,0.7296752836909259
3646-ITDGM,0.12025975074661507
4295-YURET,0.09175671199385813
3352-RICWQ,0.01323432319582441
1658-TJVOA,0.5691287527854049
2645-QTLMB,0.7138796523480367
3948-XHGNA,0.22505806444340862
1150-FTQGN,0.0879914014251949
4707-YNOQA,0.017758413959923128
0674-EYYZV,0.8063509147901433
3810-DVDQQ,0.04521294679692769
0667-NSRGI,0.13254867410648108
9504-YAZWB,0.03355696290968444
8807-ARQET,0.201403220559006
6127-IYJOZ,0.6156177736770417
8806-EAGWC,0.37974510177710724
4626-OZDTJ,0.07448054986692598
8680-CGLTP,0.09091286247447643
5849-ASHZJ,0.0030385263207652587
3372-CDXFJ,0.03153370273700548
7049-GKVZY,0.23124070183110704
0899-LIIBW,0.5209697358196754
4695-WJZUE,0.8395665126584033
1229-RCALF,0.08417649414985157
7326-RIGQZ,0.4600519285938221
9372-TXXPS,0.013362685996867834
8875-AKBYH,0.5667085146170323
2800-QQUSO,0.5196731331753034
0107-WESLM,0.44409511586250294
5609-CEBID,0.5956188655764496
9091-WTUUY,0.04008037346476019
5982-PSMKW,0.05131621374588842
2978-XXSOG,0.20879879628893172
5906-DVAPM,0.030765748501312383
8096-LOIST,0.17780100908490762
0999-QXNSA,0.3229464481876927
5445-PZWGX,0.13190144863927794
3563-SVYLG,0.02056752719215439
9227-YBAXE,0.042903098282676154
4291-TPNFG,0.01234368518772828
5016-ETTFF,0.4496126380479491
7633-MVPUY,0.04218896111070344
4283-FUTGF,0.4861759116212834
2592-YKDIF,0.4071339946190419
7240-FQLHE,0.46605619011127103
6778-JFCMK,0.1329448690488634
0374-FIUCA,0.0012775401416095739
0716-BQNDX,0.10536804109096856
3181-VTHOE,0.07746734841639012
7730-IUTDZ,0.2560308541866057
2115-BFTIW,0.17705691754931405
1031-IIDEO,0.7808606305461838
5854-KSRBJ,0.0012935683455731824
0040-HALCW,0.009405706038564561
9420-LOJKX,0.604865162488704
6384-VMJHP,0.023933158118073596
3500-RMZLT,0.4345498681578804
4446-BZKHU,0.46161696033246846
1086-LXKFY,0.8823755411127042
2180-DXNEG,0.6952855341240044
6418-PIQSP,0.032203443867563374
0122-OAHPZ,0.6025440379255873
3914-FDRHP,0.4807828935903651
8313-KTIHG,0.3095701259260334
2027-FECZV,0.6241692424755514
5593-SUAOO,0.09453487160514813
0218-QNVAS,0.40746184973004484
9223-UCPVT,0.8961660148084118
7130-CTCUS,0.1860158466019375
7571-YXDAD,0.6786935896032006
9031-ZVQPT,0.10418982184526149
1530-ZTDOZ,0.20651568189524333
3160-TYXLT,0.24174194601622773
8676-OOQEJ,0.44205538006433903
4826-DXMUP,0.317882626152435
7508-KBIMB,0.08625481774639848
0956-SYCWG,0.00989112757817228
7330-WZLNC,0.7665012092290033
6574-MCOEH,0.16547586473396458
6374-AFWOX,0.05535174914660835
3845-FXCYS,0.25330021803379926
3518-FSTWG,0.08874933760737946
2696-RZVZW,0.0019694025577745317
7105-BENQF,0.11119133936402464
2668-TZSPS,0.2083438119581485
9250-WYPLL,0.5888995718431808
0347-UBKUZ,0.07829515322955477
2387-KDZQY,0.011275179504762969
8707-HOEDG,0.1464656200064895
8696-JKZNU,0.47159313334714803
5442-PPTJY,0.0036302363503582518
0114-PEGZZ,0.5303263331847158
8439-LTUGF,0.05387669151171979
7606-BPHHN,0.0032944483541699605
6101-IMRMM,0.6376444368067069
6873-UDNLD,0.14821807368637763
1247-QBVSH,0.1183941707865209
9600-NAXZN,0.5877026672887968
5781-RFZRP,0.012003049830299406
1626-ERCMM,0.6377771322702859
3428-MMGUB,0.13058901642581036
7654-YWJUF,0.10214239224097833
7590-VHVEG,0.718254669973894
7854-EDSSA,0.10248279505600777
0968-GSIKN,0.7124824686030129
6937-GCDGQ,0.15383919366529164
9631-XEYKE,0.5829458073411736
4785-NKHCX,0.3163440392716214
4693-VWVBO,0.20551231166705022
3859-CVCET,0.38785052235400214
4078-SAYYN,0.7419023500436498
6050-FFXES,0.0712411612988215
6985-HAYWX,0.31780184079755286
4236-XPXAV,0.7300650029162167
0877-SDMBN,0.2549876860904789
4480-MBMLB,0.2705982554357999
5519-YLDGW,0.6085185680035515
1682-VCOIO,0.005917608022178493
6253-WRFHY,0.2436639843514412
8044-BGWPI,0.10983864046141352
5465-BUBFA,0.007215419534798237
5154-VEKBL,0.2719031058646501
4237-CLSMM,0.09758136203736308
0655-RBDUG,0.702676132046767
3948-KXDUF,0.015344307926610002
2636-OHFMN,0.4448969005990185
7544-ZVIKX,0.2062429188900598
2055-SIFSS,0.2168177578578153
9661-MHUMO,0.5250246711780817
6567-HOOPW,0.8893466895589367
0723-DRCLG,0.8530642402481837
9337-SRRNI,0.003877838362490749
6131-FOYAS,0.17638934401389428
7078-NVFAM,0.20617236275524367
2792-VPPET,0.09859377067778549
2789-HQBOU,0.7885960546953791
0613-WUXUM,0.043864559161006615
0701-TJSEF,0.14424493920568726
7114-AEOZE,0.004617652118646881
7979-CORPM,0.45046404613790103
9103-TCIHJ,0.23593774329194414
4827-LTQRJ,0.1560377985591859
1174-FGIFN,0.23971062986988145
3604-WLABM,0.32674199306623614
0870-VEMYL,0.4752250816513178
4211-MMAZN,0.2877750371050659
9313-CDOGY,0.1103799967042007
7072-MBHEV,0.6219585701139012
6481-OGDOO,0.06247299792579453
1195-OIYEJ,0.6933832762148973
4869-EPIUS,0.2145018180921122
1325-USMEC,0.04054538764484278
0508-SQWPL,0.007826336771528032
7966-YOTQW,0.24442579900801628
7813-TKCVO,0.007734768008037522
9917-KWRBE,0.05637099100200164
5394-SVGJV,0.4085502090127297
7167-PCEYD,0.0065087830955236035
8466-PZBLH,0.23049963479398483
7096-UCLNH,0.4036077808693728
1245-HARPS,0.006031197317912169
3030-YZADT,0.2159084959584468
2480-JZOSN,0.503484900843311
6388-TABGU,0.02282022953924924
4827-DPADN,0.008199462726984878
4913-EHYUI,0.15740917652052608
3450-WXOAT,0.15486783992218234
0484-FFVBJ,0.12111222216706098
6416-JNVRK,0.05795577350341521
5301-GAUUY,0.3924154143559548
0530-IJVDB,0.052588448339912296
1666-JXLKU,0.6017529427044945
4495-LHSSK,0.10476968503269321
6557-BZXLQ,0.362059374730672
7964-ZRKKG,0.10038147126491133
7785-RDVIG,0.09715941557987959
1803-BGNBD,0.18689748873469494
8097-VBQTZ,0.11148683944400503
3452-GWUIN,0.5994065484572263
3301-LSLWQ,0.16196768971043426
6100-FJZDG,0.005295107934519291
6860-YRJZP,0.606563318692595
3750-YHRYO,0.0291850966456922
7088-FBAWU,0.2578559265708341
8327-LZKAS,0.2642060745284237
5119-NZPTV,0.46935032376957103
8749-CLJXC,0.4036077808693728
8622-ZLFKO,0.7777319482374593
5382-SOYZL,0.6335909690922544
1167-OYZJF,0.0007866310507004831
7018-FPXHH,0.04146157403651562
8495-PRWFH,0.1666781817169502
3466-WAESX,0.25408965370499603
7614-QVWQL,0.14474798208423592
6549-BTYPG,0.007022538597767431
5277-ZLOOR,0.8141534283127334
2410-CIYFZ,0.07818583033863467
7529-ZDFXI,0.32418165759038703
4847-TAJYI,0.679584656859216
0620-DLSLK,0.6266778144938305
9776-OJUZI,0.2145672850508159
9715-SBVSU,0.1017490829774236
6393-WRYZE,0.5876652554977835
3404-JNXAX,0.36882521784467726
2057-ZBLPD,0.5733719947334859
7156-MXBJE,0.08600695731619767
0480-BIXDE,0.6190377241283652
8158-WPEZG,0.28931900862691856
6347-DCUIK,0.5911433650675543
4646-QZXTF,0.3237972833127213
7921-BEPCI,0.013752732217145196
1751-NCDLI,0.6786856462332078
0907-HQNTS,0.05992119169572075
1399-UBQIU,0.2737072229139188
1597-LHYNC,0.4416580997694352
8628-MFKAX,0.01967127751833282
7945-HLKEA,0.10918790490758956
4468-YDOVK,0.5017217548416817
9896-UYMIE,0.11577695561944701
4006-HKYHO,0.014218390464477537
6463-MVYRY,0.032493430679627205
3518-PZXZQ,0.6563257601354124
9831-BPFRI,0.11042577529444136
2974-GGUXS,0.4954160892884112
6331-EWIEB,0.5693997704584963
8469-SNFFH,0.061728146525233604
7975-TZMLR,0.30482072110883396
5440-VHLUL,0.36538656858693713
5424-RLQLC,0.147678933094905
4418-LZMSV,0.11538662205563434
0644-OQMDK,0.6035899093302445
0883-EIBTI,0.14163911499811938
4632-PAOYU,0.003187434669333427
7566-DSRLQ,0.10599718958224719
1895-QTKDO,0.41357300900539684
4273-MBHYA,0.7742634554800163
9435-JMLSX,0.0012918753879723722
2523-EWWZL,0.42106224135871706
5777-KJIRB,0.08886573775509014
1299-AURJA,0.0006142014281079633
0440-EKDCF,0.03339498643642389
1334-FJSVR,0.6234345382941711
8930-XOTDP,0.227380739739339
9367-WXLCH,0.543324767160521
1385-TQOZW,0.08815964748184317
8272-ONJLV,0.300365354004126
5914-DVBWJ,0.38522084908232374
7746-AWNQW,0.1336006544183291
8024-XNAFQ,0.035898423832415344
1455-ESIQH,0.7844440074280336
2892-GESUL,0.0019274262586457807
7629-WFGLW,0.09001693527040112
1496-GGSUK,0.889674992940018
2924-KHUVI,0.1736244379530554
0080-OROZO,0.2550936520993924
3847-BAERP,0.061239372562441545
8840-DQLGN,0.20459573161503766
6198-ZFIOJ,0.5734531432717521
4872-JCVCA,0.016735294046068917
0485-ZBSLN,0.0005654026293091646
5619-PTMIK,0.11288226563211529
2400-XIWIO,0.016390491149394535
2082-CEFLT,0.5434285696027148
3284-SVCRO,0.0045955501642684264
7048-GXDAY,0.4597157236074102
8745-PVESG,0.060554968064021136
1635-FJFCC,0.45003353937013135
9170-CCKOU,0.31453875539674575
3898-GUYTS,0.2699806441276196
8069-YQQAJ,0.43262140054342985
6942-LBFDP,0.18642971097930977
6719-FGEDO,0.02601026859183785
7030-FZTFM,0.055232310810201295
0634-SZPQA,0.3382473428676009
7446-KQISO,0.18376369759156705
1810-MVMAI,0.15326090640293333
3519-ZKXGG,0.7175178734742441
4487-ZYJZK,0.004120642317239192
6568-POCUI,0.13959495800182442
3276-HDUEG,0.7736982583934569
9633-DENPU,0.19853028037646908
3963-RYFNS,0.012522880198358382
9224-VTYID,0.02485862730872335
9978-HYCIN,0.12248707705124123
2267-FPIMA,0.1991375672396345
9068-FHQHD,0.005038416950818909
7601-GNDYK,0.001932179385227144
3170-NMYVV,0.005038416950818909
7298-IZWLY,0.37534610083217457
8417-FMLZI,0.5960526980311814
0442-ZXKVS,0.2210392507729989
0887-WBJVH,0.17457793743336894
1228-FZFRV,0.39203043500461826
8605-ITULD,0.2703201939729586
7658-UYUQS,0.3403496211788488
3704-IEAXF,0.012531526416930333
8597-CWYHH,0.24264398781519353
5939-XAIXZ,0.2134071703311474
2805-AUFQN,0.025106030834303322
5329-KRDTM,0.0588228054305071
6176-YJWAS,0.025497555397189627
6137-MFAJN,0.26516119128605065
2834-JKOOW,0.087985941431219
1589-AGTLK,0.4947785596922691
4695-VADHF,0.23922141521956766
9450-TRJUU,0.5168155609348072
4648-YPBTM,0.04323413612157731
7549-MYGPK,0.2753755901718115
5038-ETMLM,0.012237875626822072
5453-AXEPF,0.44394582543487915
4381-MHQDC,0.10987617690368828
6212-ATMLK,0.6158443234267376
9714-EDSUC,0.4089715386310665
3086-RUCRN,0.1726479743848467
4012-ZTHBR,0.16827764585607533
4137-JOPHL,0.11464455445819538
4039-PIMHX,0.1043105942560861
8499-BRXTD,0.006717776006254523
5261-QSHQM,0.6748975742491568
6844-DZKRF,0.52283626259503
1702-CCFNJ,0.10790969409456329
7813-ZGGAW,0.27896746035789766
3717-OEAUQ,0.5324054445564542
8835-VSDSE,0.549490571881592
1964-SVLEA,0.010070656381856087
3001-UNBTL,0.6200646988606373
9546-CQJSU,0.7720566773482339
3373-YZZYM,0.3060895124134474
8166-ZZTFS,0.043089310598975326
5555-RNPGT,0.05672854719501957
8167-GJLRN,0.535130873897299
6629-LADHQ,0.28335008639347004
1641-BYBTK,0.04324966285617521
1395-WSWXR,0.004654909528096893
8593-WHYHV,0.8344270981220373
4950-BDEUX,0.27895573795371614
3398-GCPMU,0.07369354274140785
8364-TRMMK,0.5136127938089159
3115-CZMZD,0.04453864418951287
4079-WWQQQ,0.019287703971771028
4937-QPZPO,0.20767776180068673
7663-RGWBC,0.3934373069621936
0254-KCJGT,0.08484811396977547
5845-BZZIB,0.022048458454994587
4310-KEDTB,0.1924753363612399
5628-FCGYG,0.5572183256012226
7130-YXBRO,0.25881256116814916
8878-HMWBV,0.5400183096850185
0725-CXOTM,0.09380225635617614
9133-AYJZG,0.5161933559624979
5469-CTCWN,0.14539770445130007
6227-HWPWX,0.2563774088178519
7139-JZFVG,0.07710548215797791
0141-YEAYS,0.469192338420546
3143-ILDAL,0.1577895096916973
4925-LMHOK,0.17869588587534854
5605-IYGFG,0.4565635994041842
7005-CCBKV,0.6685583437459468
5919-VCZYM,0.07355524894131167
6946-LMSQS,0.14020112875392376
5195-KPUNQ,0.12474264163549348
0872-JCPIB,0.2021437567659761
1930-BZLHI,0.005558265407567182
0479-HMSWA,0.18931217288801697
4926-UMJZD,0.15498804643278263
6838-YAUVY,0.18690545427929942
0608-JDVEC,0.0020706877196248787
2157-MXBJS,0.23685178162760334
2533-TIBIX,0.2945883741480966
9770-LXDBK,0.13310658841103645
4986-MXSFP,0.09295612611832749
6370-ZVHDV,0.012770498624828043
3810-PJUHR,0.0012935683455731824
6075-SLNIL,0.3906494593790473
8123-QBNAZ,0.3846594200173064
0946-CLJTI,0.5096939317578485
8661-BOYNW,0.02227222293880117
4847-QNOKA,0.4904198173792201
0971-QIFJK,0.004739193510189598
5505-OVWQW,0.002851650765589635
4994-OBRSZ,0.051236983353085075
1363-TXLSL,0.7931121510498806
4815-GBTCD,0.6674242333618032
4361-FEBGN,0.004292443245532059
4002-BQWPQ,0.13596079492980778
4385-GZQXV,0.5579281827030513
4043-MKDTV,0.08360159888996321
5519-NPHVG,0.7056949087729163
2672-OJQZP,0.4628053149244481
8016-NCFVO,0.25694623377163306
1163-VIPRI,0.14866206976405588
5180-UCIIQ,0.3349636523142621
3428-XZMAZ,0.8981788118902244
2371-JQHZZ,0.5975500343839812
2516-VQRRV,0.7124091625527924
9565-JSNFM,0.10014576941879609
7855-DIWPO,0.37854565953752556
5302-BDJNT,0.2952312614368119
4844-JJWUY,0.7330587390257145
6776-TLWOI,0.08723124719292798
4816-JBHOV,0.6431895335006963
5054-IEXZT,0.7630633816520241
4032-RMHCI,0.04201782199565627
5177-RVZNU,0.017972358280170617
7901-TBKJX,0.5018416039509277
9411-TPQQV,0.0615209332422884
0637-UBJRP,0.34218726406590483
1492-KGETH,0.07356825437981525
0432-CAJZV,0.6261517385588767
5146-CBVOE,0.3548074755992445
3799-ISUZQ,0.4887698334942865
3842-QTGDL,0.2946716610368204
1686-STUHN,0.01349767392598161
2794-XIMMO,0.110255570454525
9174-IHETN,0.09213502658035906
3884-HCSWG,0.40873547749753825
4432-ADRLB,0.5941515351232894
4228-ZGYUW,0.7920706186220208
0639-TSIQW,0.27436146916544457
8080-DDEMJ,0.5865876421534645
7838-LAZFO,0.09803077763811016
8329-UTMVM,0.23799316481801724
2150-OEGBV,0.01509294601765252
3935-TBRZZ,0.006294092537075347
6402-ZFPPI,0.5877578317565173
2867-UIMSS,0.8552060226065291
6275-YDUVO,0.7561347890116079
4903-UYAVB,0.10217296671882382
3797-VTIDR,0.6296649402343545
3934-HXCFZ,0.518874951588339
1154-HYWWO,0.09477060554647071
2123-VSCOT,0.03146894275122985
1976-AZZPJ,0.3022280246377166
5057-LCOUI,0.25965378058328176
0742-MOABM,0.32641609540929545
2676-ISHSF,0.27982050250188506
2486-WYVVE,0.30126090796279553
6034-ZRYCV,0.1092605073462459
1629-DQQVB,0.23618491167207994
2253-KPMNB,0.039297782315713604
5208-FVQKB,0.016206542158555798
6961-VCPMC,0.43798168126709763
0621-HJWXJ,0.2549603550153545
7295-JOMMD,0.5913542727163458
9053-JZFKV,0.08600418534426917
6599-RCLCJ,0.25747120456732503
2403-BCASL,0.15057018944335737
2580-ATZSQ,0.08102145837302534
7851-WZEKY,0.8007112564795043
5624-BQSSA,0.3491259531538068
1644-IRKSF,0.2777004191442069
5619-XZZKR,0.02494038898858824
6169-PGNCD,0.017112671130699596
4530-NDRKU,0.040597252027839904
4501-VCPFK,0.09741990808718415
3594-UVONA,0.09407335161798348
8337-UPOAQ,0.7554317166887701
2603-HVKCG,0.46492940253016074
0897-FEGMU,0.7575019005737027
1731-TVIUK,0.6931412074251885
1092-GANHU,0.38209270211189555
1728-BQDMA,0.5896700262755057
8510-BBWMU,0.02529005995606882
6603-YRDCJ,0.04543083101017067
2521-NPUZR,0.02310634945014005
6848-HJTXY,0.013756351145420578
5161-XEUVX,0.1238903672296645
7291-CDTMJ,0.5086919260437418
3765-JXVKY,0.7975383737920597
7718-UPSKJ,0.2561560219741501
4654-DLAMQ,0.05769202620932037
2108-XWMPY,0.6597718496923484
1755-FZQEC,0.006474873061070404
3212-KXOCR,0.024005306745366148
6901-GOGZG,0.018497986811384096
1178-PZGAB,0.0071970337100440655
2072-ZVJJX,0.0027704986248280454
6016-NXBNJ,0.00879231281629605
5816-QVHRX,0.45001551468334244
4465-VDKIQ,0.28984105183338804
2988-PLAHS,0.5465552184554039
2302-ANTDP,0.18905393939353174
3319-DWOEP,0.6674773402980708
9026-RNUJS,0.3429587630537704
9822-WMWVG,0.29230634074175604
6353-BRMMA,0.3202803997047811
8397-MVTAZ,0.5936123232582388
5456-ITGIC,0.004380632294626649
1043-YCUTE,0.01371660761808639
7268-WNTCP,0.00045173914693040913
0233-FTHAV,0.0937543103814344
0541-FITGH,0.3597968317773566
1386-ZIKUV,0.2903911158592847
8042-JVNFH,0.7181122100013517
4274-DRSQT,0.09073711449946859
1722-LDZJS,0.044227932410180644
2685-SREOM,0.5814218976672466
5828-AVIPD,0.2962837066234588
8642-GVWRF,0.6594637019685449
1866-NXPSP,0.07860009369332324
8205-MQUGY,0.1757899400990651
2277-DJJDL,0.338495596835913
5167-GBFRE,0.6439760755112016
7636-OWBPG,0.3268186581725879
4184-VODJZ,0.14800895169427142
1085-LDWAM,0.0021916822221327526
8087-LGYHQ,0.7031079404391483
8263-JQAIK,0.7471972552238938
0570-BFQHT,0.5408145282501828
7997-EASSD,0.10485095516957035
2234-XADUH,0.22993780233807518
4701-LKOZD,0.02374463988659479
4598-XLKNJ,0.5250071394790979
5327-CNLUQ,0.10547465956592092
0572-ZJKLT,0.10601594095722072
1218-VKFPE,0.07394072583803929
1429-UYJSV,0.013491279988669518
6447-GORXK,0.1693726984499718
8075-GXIUB,0.12481515942000879
9912-OMZDS,0.26449129418702727
7240-ETPTR,0.448710589037386
8564-LDKFL,0.2503934744260934
8608-OZTLB,0.14636712760368756
9330-DHBFL,0.11098600673281131
3961-SXAXY,0.4171001076115606
0023-XUOPT,0.5902154734195829
9743-DQKQW,0.7603702787108669
4350-ZTLPI,0.17803805836979172
2088-IEBAU,0.008016931878994382
5317-FLPJF,0.010855960735494687
2430-USGXP,0.6426974136125196
2208-NKVVH,0.003504545039790219
2967-MXRAV,0.193605335794956
1842-EZJMK,0.23487477597781894
0229-LFJAF,0.021538251089659507
0107-YHINA,0.8415546435501423
0139-IVFJG,0.3324097955135845
9272-LSVYH,0.33838040530868846
7079-QRCBC,0.6312210097837324
3091-FYHKI,0.850727589333469
0196-VULGZ,0.833029355248784
9227-UAQFT,0.010506862643434499
3094-JOJAI,0.33975259813825287
8999-BOHSE,0.6337770269952739
5120-ZBLAI,0.08272048908729798
6313-GIDIT,0.33230765710999177
7801-KICAO,0.4017526729589356
8566-YPRGL,0.40563581550346817
5955-ERIHD,0.5908080019804202
0564-JJHGS,0.7608358220269674
7064-JHXCE,0.00034652029171155396
5197-PYEPU,0.12534535748645712
3798-EPWRR,0.638003264224626
2720-WGKHP,0.8117199103363878
7534-BFESC,0.4324450830221128
4289-DTDKW,0.58349804600665
6067-NGCEU,0.27033315694846344
7325-ENZFI,0.04007939314462661
1608-GMEWB,0.5805931028895069
2359-KLTEK,0.38988188257093903
1270-XKUCC,0.0015548208946611062
6906-ANDWJ,0.5774978463961022
6030-REHUX,0.4489701560327657
8902-ZEOVF,0.0022006171847974406
5712-AHQNN,0.3791070344583021
3258-SYSWS,0.030353425634245743
1376-HHBDV,0.17873303426705753
8752-GHJFU,0.08203486211238036
6424-ELEYH,0.727127985817769
8612-GXIDD,0.029004773454773453
4712-UYOOI,0.07333490127519614
3498-LZGQZ,0.03472585575914532
4950-HKQTE,0.034616041466086565
8901-UPRHR,0.050960422257080425
5393-RXQSZ,0.8954789978452835
6261-RCVNS,0.09176626281448158
0607-MVMGC,0.06919874058518383
5149-TGWDZ,0.24251291182189125
4826-XTSOH,0.8771283298656297
4589-IUAJB,0.0033106220816181693
8757-TFHHJ,0.49683564897644883
1297-VQDRP,0.2337318233187114
7000-WCEVQ,0.2460112874575832
6303-KFWSL,0.07285687384389086
1334-PDUKM,0.13193020556453905
3904-UKFRE,0.570559645627004
7488-MXJIV,0.8215338218815609
0840-DFEZH,0.574620614853109
5339-TJFEK,0.17902001400576506
1080-BWSYE,0.0009697488098938335
0362-RAOQO,0.005529251090688653
3627-FCRDW,0.36200680657267836
6365-MTGZX,0.342769617265984
4855-SNKMY,0.4057572827900689
4634-JLRJT,0.5957238727238185
2320-SLKMB,0.186880974900821
1066-JKSGK,0.4476238508858751
4713-LZDRV,0.7502096757116099
2894-QOJRX,0.18836890443018423
5760-FXFVO,0.5570741523851845
9640-ZSLDC,0.0464968185811839
0871-URUWO,0.6455758136868123
2545-LXYVJ,0.003554307818377251
2858-EIMXH,0.33818308046381595
9878-TNQGW,0.7971062907201069
8395-ETZKQ,0.01219407777063548
7581-EBBOU,0.07696752558779112
6630-UJZMY,0.7967421110190139
0330-IVZHA,0.40129337324382996
8617-ENBDS,0.6088075892503277
4719-UMSIY,0.043033697102017474
2541-YGPKE,0.07803597870258124
6261-LHRTG,0.1653666789187177
2874-YXVVA,0.366175399576434
5748-RNCJT,0.15683554034953762
0980-FEXWF,0.03870429152746192
7450-NWRTR,0.7194712266220721
0106-UGRDO,0.05873458102387282
7752-XUSCI,0.35311565066761963
9114-VEPUF,0.16965951263771376
8063-GBATB,0.6228003642921085
9552-TGUZV,0.46380027092466247
7471-MQPOS,0.09638462407014944
3154-HMWUU,0.000877540141609574
3295-YVUSR,0.6820135941374709
4860-IJUDE,0.48958109659879434
8823-RLPWL,0.03640549589384427
9631-RXVJM,0.023910651036976857
2770-NSVDG,0.2959599927026641
5356-KZCKT,0.008006249949048486
1208-DNHLN,0.07129798599679382
8992-CEUEN,0.2052762246741519
0354-VXMJC,0.0021552475148175518
8802-UNOJF,0.5963244615349046
0876-WDUUZ,0.6398287774204064
4531-AUZNK,0.12484565953207225
7379-FNIUJ,0.479660681614764
9948-YPTDG,0.30963512267547016
7564-GHCVB,0.027738395701967188
4647-MUZON,0.5806362879517355
9506-UXUSK,0.4425161837025464
6360-SVNWV,0.42478626575366796
5136-KCKGI,0.20710136589146724
7673-LPRNY,0.11298664141185105
4024-CSNBY,0.051834543954156695
0621-TSSMU,0.022533472548196376
3606-TWKGI,0.6594256243396656
6608-QQLVK,0.7728538025030179
7706-YLMQA,0.010873111743266703
3275-RHRNE,0.10084314986682152
2135-RXIHG,0.5434285696027148
3889-VWBID,0.014535911190087394
8109-YUOHE,0.03304793119083446
8456-QDAVC,0.41795221123894905
3643-AHCFP,0.7365581542817742
7250-EQKIY,0.6105075043612892
3070-FNFZQ,0.004740631056852513
0643-OKLRP,0.3673037679772866
0224-NIJLP,0.001935690079888589
0804-XBFBV,0.41084794385082246
8133-ANHHJ,0.17838543850650584
2001-MCUUW,0.18049142209144658
1098-TDVUQ,0.39816991646797134
0963-ZBDRN,0.34400619986063397
9602-WCXPI,0.004790984205911288
7665-TOALD,0.9090550974362178
6029-CSMJE,0.3177083902933376
5006-MXVRN,0.004328936765374328
9842-EFSYY,0.3647835442256765
4702-HDRKD,0.048445077202189844
2509-TFPJU,0.0019694025577745317
6655-LHBYW,0.15542909473054098
1685-VAYJF,0.25257692322618347
9837-BMCLM,0.6836765480168492
2576-HXMPA,0.12130943795888438
5799-JRCZO,0.020654836007004015
3347-YJZZE,0.2681559728261032
1501-SGHBW,0.6371704805167635
3774-VBNXY,0.011629422562712124
8405-IGQFX,0.11041205811227195
2831-EBWRN,0.4901419625407599
1049-FYSYG,0.3234203427803272
7503-MIOGA,0.010410308658935023
9124-LHCJQ,0.8859137488383527
3407-JMJQQ,0.08721993101317221
0795-GMVQO,0.15021429137877582
1907-UBQFC,0.5794383211735453
8404-VLQFB,0.18059514646653776
5960-MVTUK,0.6904705479712193
1069-QJOEE,0.005587840051956306
5201-CBWYG,0.01394535855614794
4304-TSPVK,0.04481350162566678
2688-BHGOG,0.6374280785049412
2305-MRGLV,0.14404327839987988
3703-VAVCL,0.5786758278253024
5997-OPVFA,0.0030021139362889195
1784-EZDKJ,0.2745141360654091
7399-QHBJS,0.031917695067702076
5956-VKDTT,0.6786449632236058
1657-DYMBM,0.010325472783941919
0744-BIKKF,0.007099713652038131
3014-WJKSM,0.37486457073031415
1379-FRVEB,0.5279207649026924
2960-NKRSO,0.22012156501964575
0886-QGENL,0.4900111225449232
2040-LDIWQ,0.015644385531202086
5965-GGPRW,0.04665366685456105
9432-RUVSL,0.1399069881201605
4778-IZARL,0.05990146319869106
6733-LRIZX,0.1709346811467953
3374-TTZTK,0.08425940007208098
1113-IUJYX,0.3482065535327671
5266-PFRQK,0.021746109370862753
0475-RIJEP,0.2917016483712754
4765-OXPPD,0.18534113295111973
1169-SAOCL,0.3227595499495336
3088-FVYWK,0.011248882161472906
6439-LAJXL,0.15598800554399114
7927-AUXBZ,0.4051690446958812
9408-HRXRK,0.3112014437563147
1089-XZWHH,0.0255260379562896
5203-XEHAX,0.05038634502597095
0516-QREYC,0.10145854239218945
8350-NYMVI,0.10132088659939585
2187-LZGPL,0.34155401055100204
0689-DSXGL,0.1281960740252673
3413-CSSTH,0.16945588364773315
9351-LZYGF,0.08370161604195162
2878-DHMIN,0.005587840051956306
1374-DMZUI,0.8237511382707443
3199-XGZCY,0.5375995406217905
4623-ZKHLY,0.04822532896370028
7033-CLAMM,0.015985138581198523
9108-EQPNQ,0.03278695219854306
4633-MKHYU,0.7267072425489777
2676-OXPPQ,0.20726312485901058
3181-MIZBN,0.11828186757078585
2604-XVDAM,0.24094903359729528
5294-IMHHT,0.1427983113533615
9912-GVSEQ,0.6222902097997611
2360-RDGRO,0.23266022933045888
2706-QZIHY,0.01878849257404375
7025-WCBNE,0.12995246713560393
9685-WKZGT,0.6196310357891196
4608-LCIMN,0.20394817300983129
9355-NPPFS,0.41750438202203655
8519-QJGJD,0.3980642867454256
8166-ORCHU,0.12071764862138964
3546-GHEAE,0.010600585868530334
2722-VOJQL,0.2215838202274519
8347-GDTMP,0.013756351145420578
5372-FBKBN,0.0212675969233173
3057-VJJQE,0.028655550005299225
3445-HXXGF,0.30844805500539296
5940-AHUHD,0.6999496720023194
9725-SCPZG,0.784218916535393
7950-XWOVN,0.24392731131611026
0301-KOBTQ,0.007180761636285196
9221-OTIVJ,0.7057331968073179
6818-DJXAA,0.5534974689181688
8904-OPDCK,0.2566131380670103
9850-OWRHQ,0.7182596670549678
2249-YPRNG,0.4716043828417039
2809-ZMYOQ,0.6293736903463527
7209-JCUDS,0.6695497375467758
3384-CTMSF,0.5520484193435345
2203-GHNWN,0.41647142448664953
1447-PJGGA,0.19185056510279652
5520-FVEWJ,0.5626357057829069
6806-YDEUL,0.38025335272197197
3551-HUAZH,0.857468023073819
3724-UCSHY,0.03506931284535087
3198-VELRD,0.8104139994026383
6116-RFVHN,0.5835860302571068
3569-EDBPQ,0.2498283612504964
5893-PYOLZ,0.023140897535867365
4250-FDVOU,0.09628018483167831
9453-PATOS,0.004911039879808347
4183-WCSEP,0.25995754871346505
5380-AFSSK,0.8005047640241157
0848-SOMKO,0.09440362964147797
9278-VZKCD,0.31352152251203935
0019-GFNTW,0.01966179667509365
9142-KZXOP,0.3039842737304659
4488-KQFDT,0.248092182940941
6967-PEJLL,0.06188357320358491
7503-ZGUZJ,0.8151221111126632
3178-CIFOT,0.00482684700986205
6227-FBDXH,0.17309080605023394
3258-ZKPAI,0.022381266671930675
8784-CGILN,0.39533820098023914
2398-YPMUR,0.5200160482462794
6425-JWTDV,0.006867330263095658
1228-ZLNBX,0.28245481280935303
1038-ZAGBI,0.008477345431039807
6478-HRRCZ,0.0539504369541197
6680-WKXRZ,0.6799489679503179
2882-WDTBA,0.006683350187901818
4819-HJPIW,0.2383430774788848
8220-OCUFY,0.10571981039224243
1680-VDCWW,0.052798520251995995
5793-YOLJN,0.014202332109305882
6016-LVTJQ,0.03910605734317636
2911-WDXMV,0.34691150337637455
5876-QMYLD,0.001636431703818865
9788-HNGUT,0.01693503819806036
1110-KYLGQ,0.22122045776423588
0961-ZWLVI,0.1858710052340397
3957-HHLMR,0.11968338145712462
6688-UZPWD,0.7322067005259771
0480-KYJVA,0.0016336136975202329
7595-EUIVN,0.7786698970548072
9643-AVVWI,0.7580592709144333
3282-ZISZV,0.15241391834544943
3165-HDOEW,0.5316063915295733
1452-UZOSF,0.02927856506585953
1095-JUDTC,0.39836681041534816
0048-PIHNL,0.03865996663483935
7479-NITWS,0.6595597028822074
6467-CHFZW,0.49356970744398415
4123-DVHPH,0.5579606819444114
8999-XXGNS,0.16752030064472906
5652-MSDEY,0.5350280764435166
4123-FCVCB,0.4277043705349443
6633-MPWBS,0.4738400664324557
6986-IXNDM,0.6354149358355861
4129-LYCOI,0.06770431376182068
1635-NZATJ,0.0009697488098938335
5868-YWPDW,0.6712522672583335
9795-VOWON,0.4076335371598816
9699-UBQFS,0.3925137666016159
3884-UEBXB,0.012804958825635517
3791-LGQCY,0.44124078649655685
5642-MHDQT,0.06837190200235253
8963-MQVYN,0.08561687322874027
0970-QXPXW,0.3464974414869541
9835-ZIITK,0.1804333093059228
5655-JSMZM,0.7012341923369532
6865-JZNKO,0.2228520471938662
4143-OOBWZ,0.7639233579767881
3278-FSIXX,0.6192508879637812
6729-GDNGC,0.36230356257789653
5647-FXOTP,0.3974698402071784
1265-XTECC,0.08420099126912697
5057-RKGLH,0.0019220308370204214
9903-LYSAB,0.4617516560597915
1447-GIQMR,0.8978073563806258
6469-MRVET,0.16319521123533814
5349-AZPEW,0.46652767872404527
5419-CONWX,0.6775644207096039
8735-SDUFN,0.002576119848888986
5985-TBABQ,0.09989003205979335
7878-JGDKK,0.32633700333079274
8701-DGLVH,0.007188287181385316
8779-YIQQA,0.013071155599565985
2165-VOEGB,0.30431662403559206
2371-JUNGC,0.1073391609766326
2453-SAFNS,0.1466866162003058
0409-WTMPL,0.27466442694443516
2308-STERM,0.07312277252554757
2303-PJYHN,0.21020044950311867
6641-XRPSU,0.32536677445199
3082-WQRVY,0.1098939840491815
9261-WDCAF,0.3747207328711938
9489-UTFKA,0.1845149213159153
7389-KBFIT,0.6379493547145528
7740-KKCXF,0.2176239765198247
7398-HPYZQ,0.0060276273928429845
8099-MZPUJ,0.12037360847616667
7218-HKQFK,0.7225892708649801
1465-VINDH,0.538600132940206
7293-LSCDV,0.012916812962004223
1159-WFSGR,0.09206696781810321
2792-LSHWX,0.4998868084544273
7750-EYXWZ,0.1657385543614864
6339-TBELP,0.07297894843914954
8606-CIQUL,0.0417396559652827
1921-KYSAY,0.10624360624145882
7517-LDMPS,0.6022560255116658
6072-NUQCB,0.004148855134257118
9529-OFXHY,0.48196997714767187
8205-OTCHB,0.24911165149343475
6371-NZYEG,0.1252123162957312
8670-ERCJH,0.021555082803016375
8591-NXRCV,0.11233020408320067
4132-KALRO,0.6413388807248657
3633-CDBUW,0.17930741028273278
5338-YHWYT,0.10424685067703864
2235-ZGKPT,0.4502737317619517
5968-VXZLG,0.6513771882196994
9560-BBZXK,0.06225331231292195
6549-NNDYT,0.351270541819644
8384-FZBJK,0.44941312073610445
0191-EQUUH,0.09820182439558835
3079-BCHLN,0.008506883003494862
2525-GVKQU,0.07309011396915129
6173-GOLSU,0.47849329873502705
2498-XLDZR,0.011566660617235684
4088-YLDSU,0.18828370263570812
3227-WLKLI,0.015915854564458324
8069-RHUXK,0.09356290963622946
2862-PFNIK,0.7821760047715044
8685-WHQPW,0.3359705079852239
2364-UFROM,0.1134926605110949
6885-PKOAM,0.007453853772135263
5110-CHOPY,0.1323785351860042
5360-XGYAZ,0.01373370247006525
8450-LUGUK,0.01169284186122601
7795-CFOCW,0.04107103008537214
0396-HUJBP,0.06255968508746013
3892-NXAZG,0.015046355375402904
3957-SQXML,0.014889075319050324
4897-QSUYC,0.671177862958051
